fold,index,true_pic50,pred_pic50,true_ic50,pred_ic50
1,6,5.244887733604928,7.41161721669385,5690.0,38.75991208414703
1,8,8.154901959985743,8.669830554037254,7.0,2.1387964075536554
1,15,5.200000237109354,8.399583452924233,6309.57,3.984891922851746
1,23,8.522878745280337,8.877130967161008,3.0,1.326994224982331
1,25,7.769551078621726,8.68619377791919,17.0,2.0597106855942817
1,28,5.327902142064282,7.37557550035998,4700.0,42.113806721992155
1,29,5.0,7.449337136737954,10000.0,35.535535407312565
1,32,5.0,7.673856603286363,10000.0,21.190606978551667
1,35,5.625251653989896,7.835044930196957,2370.0,14.620259118619039
1,38,6.129011186239424,8.48490998701656,743.0,3.2740854737863505
1,52,8.698970004336019,8.528946197794578,2.0,2.958378940129583
1,55,5.95624487303132,8.418370321002008,1106.0,3.816187274480944
1,57,7.471083299722345,8.463127143869485,33.8,3.442491337780985
1,61,5.0,7.312520733534196,10000.0,48.69442775372344
1,63,5.0,7.33912826980785,10000.0,45.800659350501476
1,72,7.484126156288321,8.498776398566884,32.8,3.1711997709225113
1,75,7.886056647693163,8.975156360471408,13.0,1.058872427217135
1,83,6.39469495385889,8.699211601019202,403.0,1.9988877155664566
1,85,6.096910013008056,7.576487685178276,800.0,26.516262812589474
1,87,7.920818753952375,7.900873709017997,12.0,12.563952649597095
1,96,4.481486060122113,7.351717259628939,33000.0,44.492083168439336
1,99,5.259637310505756,6.886694808337793,5500.0,129.80911578446708
1,104,7.036212172654444,8.352267455183693,92.0,4.443575307941872
1,112,7.795880017344075,8.183165584590713,16.0,6.558951437700145
1,119,7.52432881167557,8.26255063483353,29.9,5.463228498340815
1,120,4.9471522165991395,8.51125794276974,11294.0,3.0813572801735893
1,128,6.1249387366083,7.5341506825173505,750.0,29.23137991913431
1,129,6.1249387366083,7.555177257678821,750.0,27.849842428327097
1,135,8.744727494896694,10.149720966101551,1.8,0.070840078520471
1,139,5.301029995663981,8.057013842791282,5000.0,8.769728678853038
1,148,7.154901959985743,8.246876615084412,70.0,5.664001828908335
1,153,7.6020599913279625,8.768609109086892,25.0,1.7036912421556827
1,161,5.0,8.358036303018691,10000.0,4.384940421797209
1,164,5.0,8.283762030177423,10000.0,5.202810042154243
1,171,7.698970004336019,7.91675134783539,20.0,12.11291451214349
1,173,8.045757490560675,8.157823291851768,9.0,6.953071704795574
1,184,8.522878745280337,9.927267617952205,3.0,0.11823127745772773
1,197,5.2839966563652006,6.914707493206482,5200.0,121.70054043213341
1,202,5.673664139071249,8.410816001658011,2120.0,3.883148492111649
1,221,6.913640169325252,7.833694849954117,122.0,14.665779464707635
1,223,7.899974269892137,8.691503771057496,12.59,2.034680528274954
1,231,5.0,7.542628597206828,10000.0,28.666284239887702
1,236,6.7055337738384075,8.210242902190322,197.0,6.162502348738707
1,239,6.889410289700751,8.653069595432974,129.0,2.2229536351065766
1,241,7.026872146400302,8.877130967161008,94.0,1.326994224982331
1,247,8.522878745280337,8.961401517240493,3.0,1.0929454407908314
1,252,5.698970004336019,7.3152740701696315,2000.0,48.386691737313825
1,257,6.816160962943579,8.391573147122147,152.7,4.059072915544847
1,259,8.397940008672037,8.019262378954714,4.0,9.566159572725997
1,260,5.730720610228102,8.430706375710145,1859.0,3.7093142187180996
1,261,7.486782399932061,8.391169508116421,32.6,4.062847224994685
1,265,7.0915149811213505,8.465716353221419,81.0,3.4220286937027304
1,267,6.51999305704285,8.804094854855174,302.0,1.5700198566865857
1,274,8.299988937677888,8.837475983815413,5.012,1.4538647811019576
1,276,7.301029995663981,7.697197355738276,50.0,20.08180031227263
1,278,6.2839966563652006,7.047844469265356,520.0,89.5685473465638
1,281,7.129596094720973,8.265766968783618,74.2,5.422917921367282
1,283,5.301029995663981,6.994944814663015,5000.0,101.17080027501922
1,284,5.040958607678906,6.983310099156459,9100.0,103.91778969827494
1,293,5.0,7.212333318470226,10000.0,61.32911271431829
1,302,6.472112434047295,8.373983888203856,337.2,4.226842950470893
1,305,4.549750891680639,6.787246203984854,28200.0,163.2126423925728
1,311,8.602059991327963,10.018102052351665,2.5,0.09591752139891865
1,325,7.468521082957745,8.135725886849345,34.0,7.316007013653041
1,330,7.700057099977233,8.711868865418147,19.95,1.9414720137239383
1,332,6.0,7.771501507668692,1000.0,16.92382369260822
1,334,5.0,7.332314960593805,10000.0,46.52485619226509
1,339,6.187086643357144,7.541452258308278,650.0,28.744035574409022
1,343,6.3979400086720375,8.461412105868904,400.0,3.456112685931883
1,344,6.221848749616356,8.632683148977398,600.0,2.3297903979508927
1,352,8.698970004336019,8.982716242202809,2.0,1.0405998472198121
1,361,5.288024145648244,8.568921175819213,5152.0,2.698229114926341
1,362,7.136677139879544,8.516136932365308,73.0,3.0469341446283758
1,364,5.0,7.794944669023739,10000.0,16.03449664028874
1,372,6.698970004336019,7.635329051316532,200.0,23.156394976738788
1,375,7.3979400086720375,8.877130967161008,40.0,1.326994224982331
1,377,7.795880017344075,7.900873709017997,16.0,12.563952649597095
1,380,6.134896025358872,8.252371595871532,733.0,5.592788603168763
1,385,4.370590400897281,6.828464312434122,42600.0,148.43478493445036
1,387,4.519993057042849,6.782264514818712,30200.0,165.09559477080168
1,389,6.943095148663527,8.398676326887044,114.0,3.9932240043720864
1,391,5.0,7.197006848445932,10000.0,63.53209133149873
1,392,5.1938200260161125,7.771497311126575,6400.0,16.923987226535072
1,393,4.301029995663981,7.728748643372205,50000.0,18.674602081088178
1,398,7.700057099977233,8.803034083264324,19.95,1.573859343741864
1,418,6.009661145212398,7.754808907334521,978.0,17.586972830678476
1,419,7.221848749616356,7.7641380894640175,60.0,17.21321171965161
1,425,5.522878745280337,7.574515252886663,3000.0,26.636965432528484
1,427,7.508638306165727,8.645674138845752,31.0,2.2611317131010304
1,428,6.8326826652518236,8.413405039104445,147.0,3.860068048952031
1,435,7.537602002101044,8.414881623680994,29.0,3.8469662511051297
1,449,7.853871964321762,8.42680523821633,14.0,3.7427839787757704
1,454,5.301029995663981,7.944553384449285,5000.0,11.361786274645423
1,464,12.0,7.918023750355152,0.00069,12.077477849395043
1,466,12.0,9.91111267827066,0.0009,0.12271208117553979
1,468,12.0,8.68619377791919,0.001,2.0597106855942817
1,473,11.823908740944319,8.627704029654852,0.0015,2.356654789704894
1,477,11.769551078621726,10.170670003520767,0.0017,0.06750407592030296
1,479,11.744727494896694,10.057288096949344,0.0018,0.08764192400125555
1,480,11.744727494896694,10.14503277114174,0.0018,0.07160893732570064
1,482,11.721246399047171,8.661928285737412,0.0019,2.1780694033223353
1,488,11.698970004336019,8.7084126065448,0.002,1.9569845340094816
1,500,11.657577319177793,10.052589576937027,0.0022,0.08859524695678009
1,505,11.638272163982407,10.181703757505696,0.0023,0.06581065942914119
1,506,11.619788758288394,8.59656388034134,0.0024,2.5318391998610816
1,509,11.602059991327963,10.017981668074553,0.0025,0.09594411294563487
1,518,11.537602002101044,9.997272360492927,0.0029,0.10063003865308709
1,519,11.522878745280337,8.877130967161008,0.003,1.326994224982331
1,521,11.522878745280337,8.7763362412947,0.003,1.673646596600414
1,522,11.522878745280337,8.837989681917135,0.003,1.4521461176484405
1,529,11.4089353929735,8.631610193239034,0.0039,2.335553428673917
1,530,11.397940008672037,8.693201210412226,0.004,2.0267435034005885
1,557,11.154901959985743,8.65938511590119,0.007,2.190861300866482
1,563,11.100015437450608,8.866225913550823,0.007943,1.3607366632928295
1,565,11.096910013008056,8.460009891254902,0.008,3.46728953452549
1,566,11.096910013008056,8.47141456329908,0.008,3.377422845504544
1,576,10.853871964321762,8.461024459758367,0.014,3.459198948355088
1,578,10.823908740944319,8.120300245405044,0.015,7.580533207979444
1,595,10.67778070526608,8.676579497570623,0.021,2.1058163941843158
1,598,10.570247719997592,8.344053752475771,0.0269,4.52841528397741
1,605,10.508638306165727,8.699211601019202,0.031,1.9988877155664566
1,612,10.468521082957745,8.135725886849345,0.034,7.316007013653041
1,618,10.3829996588791,8.520749728202993,0.0414,3.0147428359120747
1,619,10.362510270487489,8.368916106316796,0.0434,4.276454874545447
1,621,10.314258261397736,8.390385085195225,0.0485,4.070192173012919
1,624,10.301029995663981,8.526878220824388,0.05,2.9724994242796714
1,626,10.299988937677888,8.433770215468488,0.05012,3.6832380164409875
1,629,10.265200170411154,8.555572091415742,0.0543,2.782453457648293
1,632,10.259637310505756,8.626527658177572,0.055,2.363046902993506
1,633,10.259637310505756,8.51874239135148,0.055,3.0287094223376
1,635,10.259637310505756,8.624000161816651,0.055,2.3768394010224103
1,638,10.244887733604928,8.493440218913735,0.0569,3.210404689335155
1,652,10.154901959985743,8.246876615084412,0.07,5.664001828908335
1,654,10.148741651280925,8.353481244069531,0.071,4.431173510408986
1,658,10.124360062995832,8.502663976967199,0.0751,3.142939513637678
1,659,10.119186407719209,8.337659769383588,0.076,4.595578940759576
1,669,10.0,8.561694640383092,0.1,2.743502495808064
1,678,9.886056647693163,8.66743063238555,0.13,2.1506481638310704
1,683,9.845576026885354,8.378312925786785,0.1427,4.184919170221624
1,684,9.845271792559844,8.321308111096501,0.1428,4.771906096980604
1,691,9.782516055786093,8.37348888281115,0.165,4.2316634190565345
1,698,9.698970004336019,8.96587571456872,0.2,1.0817434779545032
1,699,9.698970004336019,8.970885010013538,0.2,1.0693379748802754
1,703,9.698970004336019,9.058926182794913,0.2,0.8731197602880857
1,712,9.698970004336019,8.968336247161965,0.2,1.0756320962328636
1,714,9.698970004336019,8.959822310206752,0.2,1.0969269074556371
1,720,9.698970004336019,9.036492561522063,0.2,0.919406222009194
1,721,9.698970004336019,8.786752556491498,0.2,1.6339826602538667
1,722,9.698970004336019,8.992409667023221,0.2,1.0176310107736666
1,725,9.698970004336019,8.882921232263943,0.2,1.309419390092702
1,727,9.698970004336019,8.976072247870555,0.2,1.056641714983634
1,735,9.698970004336019,8.88767413154154,0.2,1.2951672925833184
1,759,9.698970004336019,8.953369978106053,0.2,1.1133456635443284
1,760,9.698970004336019,8.965428169011641,0.2,1.0828588018738876
1,763,9.698970004336019,8.947762958811103,0.2,1.1278128569399692
1,771,9.614393726401687,8.394137833235831,0.243,4.035173072440759
1,777,9.586197483230649,8.304613897961778,0.2593,4.958908581288131
1,781,9.561299467099264,8.190749732900642,0.2746,6.445405823060216
1,785,9.522878745280337,7.4359568326342345,0.3,36.64739990824845
1,798,9.301029995663981,7.475541538036803,0.5,33.45480185231941
1,802,9.301029995663981,7.403341201839109,0.5,39.50561237445176
1,805,9.274088367704952,7.751754011792588,0.532,17.71111847567801
1,807,9.259637310505756,8.487927516572618,0.55,3.2514155874256536
1,815,9.259637310505756,8.424437680066017,0.55,3.763243497902092
1,818,9.259637310505756,8.493999128208955,0.55,3.206275760690604
1,819,9.259637310505756,8.486645821228722,0.55,3.261025379345727
1,821,9.221848749616356,7.489855497736473,0.6,32.370134375942236
1,825,9.221848749616356,8.943067995965,0.6,1.1400712766228376
1,828,9.221848749616356,8.828752778447724,0.6,1.4833622468268972
1,836,9.1249387366083,7.605001022381951,0.75,24.831272597055694
1,856,9.0,8.383605755397669,1.0,4.134226292130668
1,868,8.744727494896694,7.60190632649458,1.8,25.008847223964775
1,870,8.698970004336019,7.3152740701696315,2.0,48.386691737313825
1,875,8.67366413907125,8.410816001658011,2.12,3.883148492111649
1,878,8.602059991327963,7.535271169859408,2.5,29.156059654413994
1,882,8.522878745280337,7.355333495439537,3.0,44.123149484581035
1,888,8.438183335681043,8.351298650998572,3.646,4.453498896093404
1,892,8.3767507096021,6.787267477600724,4.2,163.2046477295831
1,894,8.363612414186843,7.948550442559356,4.329,11.257697050802857
1,895,8.36291072646967,7.843112651791553,4.336,14.351171295554076
1,898,8.346787486224656,6.887953055879685,4.5,129.4335742304189
1,907,8.301029995663981,7.560559781838398,5.0,27.506809400782384
1,908,8.301029995663981,7.592581877288879,5.0,25.551601327816417
1,915,8.259637310505756,7.554339696423134,5.5,27.90360423542916
1,916,8.259637310505756,8.355707104851195,5.5,4.408520809697406
1,919,8.259637310505756,8.154401391926761,5.5,7.008072855349521
1,926,8.234629519708351,7.911699582981416,5.826,12.254636031244672
1,935,8.192194467729376,7.917832517464288,6.424,12.08279709628834
1,938,8.176004408844033,7.941285435564784,6.668,11.447603122464722
1,944,8.173730780606274,7.92091573566386,6.703,11.997320595460323
1,946,8.17172688794793,7.9082400067518845,6.734,12.352645931352999
1,947,8.17134010346468,7.857301643425285,6.74,13.889875613821813
1,948,8.168450148004244,7.930094051472526,6.785,11.746431448895247
1,949,8.168322150808534,7.872272437099972,6.787,13.41922895925663
1,959,8.111146833017063,7.922147295210558,7.742,11.963347139028858
1,961,8.105075022640456,7.865415918584434,7.851,13.632769173612648
1,968,8.0816026611563,7.8474408778000315,8.287,14.20885630391622
1,975,8.046385258309359,7.820073417048384,8.987,15.133054040446627
1,976,8.043015632257239,7.954936490176647,9.057,11.093370292680735
1,987,8.0,7.427438899279384,10.0,37.373270199105036
1,994,8.0,7.604920762073883,10.0,24.835861993971722
1,997,8.0,7.673856603286363,10.0,21.190606978551667
1,999,8.0,7.446227070004824,10.0,35.79092560316523
1,1001,8.0,7.5596496953434436,10.0,27.56451177717766
1,1015,8.0,7.536429860405859,10.0,29.07837544219059
1,1018,8.0,7.212333318470226,10.0,61.32911271431829
1,1024,8.0,8.362803448342587,10.0,4.3370711980789745
1,1040,7.881636055736559,7.959294435867023,13.133,10.982610059486994
1,1041,7.877980827919969,7.934479772917465,13.244,11.628407085582824
1,1046,7.860908392476177,7.851091979495009,13.775,14.089903558866363
1,1047,7.858017484447196,8.021937180773424,13.867,9.50742305366632
1,1057,7.814542842598074,7.891138381961352,15.327,12.848771862732756
1,1062,7.783702113369608,7.817416270210277,16.455,15.225926527831321
1,1065,7.775725985705742,7.952258484982607,16.76,11.161987067980007
1,1068,7.769551078621726,7.491414815839907,17.0,32.25411901749192
1,1079,7.737003418398506,7.859322235320744,18.323,13.825401891012849
1,1080,7.727346302570183,7.913214438954736,18.735,12.211965284647249
1,1083,7.723538195826756,7.42031319211933,18.9,37.99153210019307
1,1085,7.720333055951544,7.792831873207885,19.04,16.112692790821285
1,1093,7.716111062023944,7.771822990941256,19.226,16.9113005931451
1,1096,7.716111062023944,7.910576282226093,19.226,12.286373619975162
1,1100,7.716111062023944,7.961688460184686,19.226,10.922235587158854
1,1102,7.716111062023944,7.870869323524272,19.226,13.462653758955195
1,1108,7.716111062023944,7.778775498963716,19.226,16.642727451148726
1,1117,7.716111062023944,7.4237836565590065,19.226,37.689150042108096
1,1118,7.716111062023944,7.849942848745973,19.226,14.127234406158607
1,1120,7.716111062023944,7.858375819532276,19.226,13.855563098477067
1,1121,7.716111062023944,7.945684626994481,19.226,11.332229806549707
1,1125,7.716111062023944,7.820927358574871,19.226,15.103327559204413
1,1127,7.716111062023944,7.894776495195672,19.226,12.741586438276853
1,1129,7.716111062023944,7.870651562000389,19.226,13.469405820582567
1,1133,7.7158400796013185,7.823206318998026,19.238,15.024280424658002
1,1140,7.701321549439813,8.001005823233882,19.892,9.976866862593848
1,1152,7.6985359268567,7.834119549150816,20.02,14.651444720556494
1,1181,7.560683098983496,7.862897490858516,27.499,13.71205381833281
1,1184,7.549750891680639,6.712822795571494,28.2,193.7212240077717
1,1188,7.522878745280337,7.77070289772341,30.0,16.954972990456433
1,1190,7.508638306165727,6.763044738571297,31.0,172.56601150485568
1,1194,7.481486060122112,7.091651621668622,33.0,80.97451926320058
1,1196,7.481486060122112,7.425091730221946,33.0,37.57580295570386
1,1198,7.481486060122112,7.282362945326398,33.0,52.19597983489538
1,1201,7.481486060122112,7.423267165182465,33.0,37.73399910554111
1,1205,7.455931955649724,7.411678438656474,35.0,38.7544485317899
2,10,8.154901959985743,8.582326559875701,7.0,2.6162150528673878
2,12,5.0,7.233694566333939,10000.0,58.38555779579969
2,43,5.337242168318426,7.030264261054106,4600.0,93.26866036287835
2,46,7.221848749616356,8.766739849568667,60.0,1.7110399527658957
2,48,5.0,7.458670178199981,10000.0,34.78001955115666
2,56,7.054531414868181,8.40689411823269,88.2,3.9183739611772026
2,59,5.0,7.702399677811258,10000.0,19.842679705470143
2,60,4.481486060122113,7.560578989058758,33000.0,27.505592904398636
2,62,9.154901959985743,10.073993122119589,0.7,0.0843348113682396
2,65,8.801342913045577,10.051677025632928,1.58,0.08878160140229663
2,69,7.0,8.533501339357956,100.0,2.927511842950965
2,79,4.481486060122113,7.2033219350122195,33000.0,62.614953873691356
2,80,4.481486060122113,7.691873992610554,33000.0,20.32946770114046
2,89,8.657577319177793,10.049429685523421,2.2,0.08924220955497322
2,93,7.314258261397736,8.420530368293349,48.5,3.7972538552530266
2,113,4.549750891680639,6.825976478650313,28200.0,149.28752613780514
2,114,7.36251027048749,8.368036818532417,43.4,4.28512190535025
2,115,6.301029995663981,7.721792658003992,500.0,18.976116676576265
2,117,5.0,7.722390483725424,10000.0,18.950013176180946
2,118,5.177766519761156,8.390719700632081,6641.0,4.067057377048708
2,122,8.301029995663981,8.51588847495303,5.0,3.0486777771014144
2,133,4.560004526046192,7.910701114398393,27542.0,12.28284257279894
2,134,8.721246399047171,9.948963939850193,1.9,0.11246983555528739
2,137,6.955460239607589,8.414560046586944,110.8,3.849815825303881
2,141,6.277366077466188,7.8550179623302725,528.0,13.963106087426068
2,144,7.236572006437063,8.928925570057313,58.0,1.1778078104308074
2,145,6.844663962534938,8.582326559875701,143.0,2.6162150528673878
2,151,7.698970004336019,7.867250459926447,20.0,13.575303258695522
2,156,6.698970004336019,7.669179362879487,200.0,21.420057736893746
2,157,6.848017604542526,8.398801688525754,141.9,3.992071503286773
2,159,7.425968732272281,8.50067549775918,37.5,3.157362904906923
2,160,6.405607449624574,8.454611868666051,393.0,3.5106548292082795
2,168,8.508638306165727,10.01098839412641,3.1,0.09750156932123456
2,175,7.769551078621726,8.497637831925259,17.0,3.1795244433514975
2,176,7.552841968657781,8.520590121389846,28.0,3.015850982446291
2,181,7.200659450546418,8.54930713191466,63.0,2.822882933466207
2,182,7.0655015487564325,8.440840717623406,86.0,3.623758794691992
2,188,5.0,8.367605142249973,10000.0,4.289383311360733
2,191,6.835647144215563,7.6974967207936595,146.0,20.06796242580316
2,194,5.552841968657781,7.57287165484764,2800.0,26.737964673140144
2,203,7.069050968832477,8.41073364370478,85.3,3.8838849474449457
2,204,5.2839966563652006,6.996974484262547,5200.0,100.69908299968996
2,206,6.274088367704952,7.7833899544452105,532.0,16.46683165288039
2,209,7.899974269892137,8.793794552141884,12.59,1.6077016143655003
2,219,8.619788758288394,8.75802091055215,2.4,1.7457380965305347
2,225,4.823908740944319,7.45709371243656,15000.0,34.90649858088859
2,228,8.275724130399212,8.76318767528294,5.3,1.7250922524435728
2,233,5.356547323513812,6.988466550269507,4400.0,102.69125222983956
2,235,8.221848749616356,8.08004534271022,6.0,8.31676934966159
2,237,7.300162274132754,8.243448390928492,50.1,5.708889133133399
2,242,7.853871964321762,8.481349991402157,14.0,3.301034084346362
2,249,8.221848749616356,8.643465696257552,6.0,2.2726591393588897
2,251,4.481486060122113,7.6396702809633386,33000.0,22.92607553940941
2,254,7.161150909262744,8.010154490431384,69.0,9.768896527583133
2,262,5.0,7.620821645201093,10000.0,23.94298838233331
2,266,8.657577319177793,10.068542354272834,2.2,0.08539995576334287
2,272,6.585026652029182,7.827575034241192,260.0,14.87390371390665
2,275,4.769551078621726,6.9226835699232225,17000.0,119.48583697696235
2,280,5.6020599913279625,7.075852242735934,2500.0,83.9745639270027
2,288,5.356547323513812,6.966423257561505,4400.0,108.03805137289639
2,292,6.301029995663981,7.747509780379213,500.0,17.885052512380867
2,297,6.221848749616356,7.562451692797095,600.0,27.38724249579189
2,300,8.161150909262744,8.73046518648636,6.9,1.8600936643589094
2,303,6.567030709125595,8.161423000153757,271.0,6.8956784181396
2,309,8.199970640755865,8.997562975853183,6.31,1.0056272291786645
2,312,8.0,7.783358628812098,10.0,16.46801944722814
2,315,8.096910013008056,7.777499159377706,8.0,16.691710380626734
2,316,7.0,8.259463725375243,100.0,5.50219875932314
2,319,6.872895201635192,8.738610842486441,134.0,1.825530769878619
2,328,8.100015437450608,8.998479559318149,7.943,1.0035070795113097
2,329,6.0999990348465305,8.727983869826614,794.33,1.8707516208425128
2,341,4.481486060122113,7.188813673571024,33000.0,64.74203205034755
2,346,6.853871964321762,8.768304707808559,140.0,1.704885794709394
2,348,7.657577319177793,8.684722073922694,22.0,2.066702315636469
2,349,5.522878745280337,7.575468247095464,3000.0,26.578578684451823
2,370,5.0,7.148952095359617,10000.0,70.96560419088866
2,376,7.6777807052660805,8.003517557456192,21.0,9.919332370109299
2,381,7.703334809738469,8.192764275401187,19.8,6.415577041895958
2,394,6.561299467099264,8.182997609887403,274.6,6.561488773673954
2,395,7.382999658879101,8.520465564981123,41.4,3.0167160577719865
2,397,6.1249387366083,7.706818486452359,750.0,19.641810355337103
2,399,8.0,8.74641837401676,10.0,1.7930055174696977
2,400,9.154901959985743,10.073993122119589,0.7,0.0843348113682396
2,407,5.301029995663981,7.875129141854195,5000.0,13.331249550369286
2,408,5.889410289700751,7.800115769014567,1290.0,15.844707669462844
2,409,6.539102157243452,7.784605439493353,289.0,16.42080941272288
2,417,7.889410289700751,8.414799800666348,12.9,3.847691104961116
2,431,5.3872161432802645,7.675987324697605,4100.0,21.086896931731662
2,437,6.0,7.6978542106757,1000.0,20.051450261940747
2,439,5.661543506395395,7.689080981852889,2180.0,20.460630766652628
2,445,5.522878745280337,7.608932390182074,3000.0,24.60750657493751
2,447,6.0,7.847577247136233,1000.0,14.204395395013254
2,450,5.6020599913279625,7.643227401790732,2500.0,22.739064743432653
2,459,5.0,7.9088996682004336,10000.0,12.333897411064843
2,474,11.823908740944319,10.080503721475395,0.0015,0.08307995995382048
2,475,11.769551078621726,10.15962476226489,0.0017,0.06924289828200479
2,486,11.721246399047171,10.136676167983607,0.0019,0.07300016336491885
2,487,11.721246399047171,10.059694122279447,0.0019,0.0871577233941165
2,496,11.67778070526608,10.130535584674615,0.0021,0.07403965992808384
2,502,11.638272163982407,10.069324681867009,0.0023,0.08524625682125539
2,503,11.638272163982407,10.040584738925842,0.0023,0.09107837240937335
2,513,11.568636235841012,9.979806672074602,0.0027,0.10475947852775996
2,515,11.55284196865778,10.099567404786605,0.0028,0.07951198491758063
2,517,11.542118103266008,8.64817050505934,0.00287,2.248171794890183
2,520,11.522878745280337,8.876880322069864,0.003,1.327760296390365
2,526,11.494850021680094,10.068109993460789,0.0032,0.08548501781561306
2,533,11.387216143280265,8.684722073922694,0.0041,2.066702315636469
2,538,11.301029995663981,8.495467358841877,0.005,3.1954545230905347
2,539,11.301029995663981,8.51588847495303,0.005,3.0486777771014144
2,543,11.259637310505756,8.569782593304183,0.0055,2.6928825165998713
2,544,11.259637310505756,8.695487133103018,0.0055,2.0161037011362724
2,545,11.259637310505756,8.92820126401917,0.0055,1.179773769300838
2,546,11.2518119729938,8.692945414222278,0.0056,2.027937591731003
2,548,11.221848749616356,8.08004534271022,0.006,8.31676934966159
2,549,11.221848749616356,8.582326559875701,0.006,2.6162150528673878
2,551,11.200659450546418,8.061633091281966,0.0063,8.676946280526941
2,553,11.167491087293763,8.433494234109093,0.0068,3.6855793496263387
2,556,11.154901959985743,8.787924549035019,0.007,1.6295791185233066
2,560,11.136677139879545,8.708221003624708,0.0073,1.957848110897427
2,561,11.102372908709558,7.773387794050085,0.0079,16.850477257842392
2,569,11.0,8.74641837401676,0.01,1.7930055174696977
2,573,10.886056647693163,8.371147912708828,0.013,4.254534868269339
2,574,10.886056647693163,7.768063492856096,0.013,17.05832981906904
2,575,10.853871964321762,8.136494654429818,0.014,7.303068018944121
2,583,10.769551078621726,8.77272148445446,0.017,1.6876349684214107
2,591,10.698970004336019,8.443825893574232,0.02,3.5989358572802366
2,596,10.657577319177793,8.026244041530791,0.022,9.413604725795446
2,610,10.48412615628832,8.469976106964266,0.0328,3.3886279841668148
2,613,10.431798275933005,8.168723767421792,0.037,6.780726579271531
2,614,10.425968732272281,8.50067549775918,0.0375,3.157362904906923
2,622,10.313363730737706,8.270030453627639,0.0486,5.36994139909847
2,630,10.259637310505756,8.570913659524447,0.055,2.6858783621015223
2,637,10.259637310505756,8.521600016695885,0.055,3.008846160974557
2,642,10.196542884351587,8.129363100172329,0.0636,7.423981822134396
2,650,10.160521952625801,8.422648704204596,0.0691,3.7787772827028254
2,660,10.09151498112135,8.349933468434607,0.081,4.467520269028128
2,661,10.086186147616283,7.944730387840112,0.082,11.357156547550751
2,663,10.05453141486818,8.40689411823269,0.0882,3.9183739611772026
2,670,10.0,8.471330448954392,0.1,3.3780770495856625
2,675,9.90763030037088,8.443396617296518,0.1237,3.6024949667042034
2,677,9.88941028970075,7.99230901102596,0.129,10.178668934282822
2,685,9.84163750790475,8.201974860970127,0.144,6.28094714870039
2,687,9.819300798703965,8.354565136046169,0.1516,4.420128182517777
2,688,9.816160962943579,8.401125532176318,0.1527,3.970767584316406
2,689,9.814457845145625,8.463940137381078,0.1533,3.436053067700657
2,704,9.698970004336019,9.033516948889977,0.2,0.9257272567419421
2,706,9.698970004336019,8.795852954156105,0.2,1.6000997075757228
2,709,9.698970004336019,8.990141303730745,0.2,1.0229601038766492
2,719,9.698970004336019,9.017627109844733,0.2,0.9602247374944293
2,729,9.698970004336019,9.005017722032452,0.2,0.9885127561002427
2,738,9.698970004336019,9.013895052116817,0.2,0.9685118702649375
2,743,9.698970004336019,8.934652226812403,0.2,1.1623790480778249
2,752,9.698970004336019,8.993860539791081,0.2,1.0142370242266072
2,755,9.698970004336019,9.05634252476442,0.2,0.8783295117577435
2,756,9.698970004336019,8.925506841259903,0.2,1.1871160007528947
2,761,9.698970004336019,8.934111636625149,0.2,1.1638268259786275
2,766,9.698970004336019,9.098296549925536,0.2,0.7974499774019344
2,768,9.698970004336019,8.80356559774618,0.2,1.5719343426628398
2,772,9.610833915635467,8.22513445166865,0.245,5.954777631679364
2,774,9.600326278518962,7.371901900682141,0.251,42.47154887075256
2,775,9.600326278518962,7.636834588956553,0.251,23.076259337831818
2,776,9.599997654072045,8.355471230862138,0.25119,4.410915815544336
2,779,9.568636235841012,8.326094289818883,0.27,4.719605626252571
2,789,9.468521082957745,7.564451948687496,0.34,27.261393483956546
2,796,9.301029995663981,7.509981288915782,0.5,30.904285772486464
2,808,9.259637310505756,8.457764430014656,0.55,3.4852631139341477
2,811,9.259637310505756,8.631848737643606,0.55,2.3342709343175074
2,813,9.259637310505756,8.547515629959694,0.55,2.834551618090829
2,816,9.259637310505756,8.439422090406396,0.55,3.6356151925843423
2,840,9.068033885271827,8.067106135745055,0.855,8.568284222697976
2,851,9.0,8.375043570456551,1.0,4.2165419898236305
2,855,9.0,8.564382142798193,1.0,2.726577566895347
2,860,9.0,8.459692881778677,1.0,3.469821376271516
2,861,8.958607314841775,7.420652983469752,1.1,37.961819207710136
2,864,8.903089986991944,7.569521477485045,1.25,26.945020758587486
2,867,8.744727494896694,7.593898044727636,1.8,25.474282183998955
2,871,8.698970004336019,7.545288919292429,2.0,28.49122226262205
2,879,8.55284196865778,7.57287165484764,2.8,26.737964673140144
2,885,8.48704892002751,8.321879851847848,3.258,4.765628103120185
2,886,8.443697499232712,7.593468398884094,3.6,25.499496262424444
2,896,8.356547323513812,6.988466550269507,4.4,102.69125222983956
2,902,8.321299565001695,7.8248652116363075,4.772,14.967001023712017
2,903,8.31821623353212,7.900478506798463,4.806,12.575390883434132
2,910,8.2839966563652,7.643882785995523,5.2,22.704775602358332
2,927,8.221848749616356,8.200790951341048,6.0,6.298092700624429
2,932,8.203148250950113,7.883789602336988,6.264,13.068038270543257
2,934,8.193820026016112,7.352883953105372,6.4,44.372719548151466
2,942,8.174444067709643,8.018313998781272,6.692,9.587072270072593
2,952,8.153786636120612,8.257851875140156,7.018,5.522657684998728
2,953,8.146240966925232,7.927482653473101,7.141,11.817275119902115
2,955,8.130533589919134,7.914909025977715,7.404,12.164407884138068
2,958,8.11120293254332,7.788838073448075,7.741,16.261549540622877
2,960,8.110362199593332,7.760660825385842,7.756,17.351585901292413
2,965,8.08767164203959,7.92900991641591,8.172,11.775790850896179
2,970,8.066512712151294,7.76547241030134,8.58,17.16040722656431
2,977,8.040958607678906,7.012510756891745,9.1,97.16038859541464
2,984,8.0,7.706684983535666,10.0,19.647849211833474
2,986,8.0,7.959234988763471,10.0,10.984113484169539
2,991,8.0,7.627826551380156,10.0,23.55990031810761
2,995,8.0,7.576525569368631,10.0,26.513949858184336
2,1003,8.0,7.138738496069226,10.0,72.65433029414604
2,1005,8.0,7.133220146826029,10.0,73.58340036807772
2,1011,8.0,7.207092162913251,10.0,62.07372917598583
2,1012,8.0,7.218353229825826,10.0,60.484872592850465
2,1017,8.0,7.454903481574288,10.0,35.08298343740551
2,1019,8.0,7.674868703925958,10.0,21.14128087245995
2,1020,8.0,7.230727388869657,10.0,58.78582414277077
2,1021,8.0,7.822680977774162,10.0,15.042465434829197
2,1022,8.0,8.311457086285099,10.0,4.881383330239608
2,1029,7.970819211092453,7.873196652128386,10.695,13.390702080768321
2,1032,7.95624487303132,7.849627240706112,11.06,14.137504601676353
2,1042,7.876148359032914,7.139995699364815,13.3,72.44431338944491
2,1044,7.86505828926464,7.899468559639633,13.644,12.604668849636546
2,1050,7.8408540721459525,7.898497178009824,14.426,12.63289312473586
2,1055,7.823908740944319,7.477744892623094,15.0,33.285501706171154
2,1061,7.784124604538724,7.906211339694643,16.439,12.410482322639272
2,1063,7.777283528852417,7.613671961811817,16.7,24.340418339371467
2,1071,7.7627831109919985,7.809715862103529,17.267,15.498302663489179
2,1074,7.7445104019244635,8.025666537647131,18.009,9.426130810387155
2,1084,7.722161666997953,7.872665895272522,18.96,13.407077033489603
2,1090,7.716111062023944,7.882520622271113,19.226,13.106278063377683
2,1091,7.716111062023944,7.91402081521104,19.226,12.189311756227921
2,1095,7.716111062023944,7.833182521620023,19.226,14.683090594122804
2,1103,7.716111062023944,7.954041946530385,19.226,11.116243553516103
2,1110,7.716111062023944,7.823224325432433,19.226,15.023657510660756
2,1112,7.716111062023944,7.844594124677495,19.226,14.302299733717888
2,1114,7.716111062023944,7.81515254094457,19.226,15.305497792438208
2,1124,7.716111062023944,7.970234522555293,19.226,10.709408322949441
2,1134,7.715591827493801,7.915745737329124,19.249,12.140994508376481
2,1155,7.69838410218048,7.7631127460392975,20.027,17.25389909941836
2,1156,7.698232330561986,7.91322560592578,20.034,12.211651283629074
2,1158,7.697928946349926,7.799012910447127,20.048,15.884995259301501
2,1161,7.697560835930142,7.994720273980923,20.065,10.12231215341366
2,1164,7.697279550103866,7.872699489591576,20.078,13.406039985535914
2,1166,7.688436846680087,7.841001558835643,20.491,14.421101752749497
2,1170,7.661304510985216,7.876995713043754,21.812,13.274075606133463
2,1180,7.58838029403677,7.130396496913666,25.8,74.0633757710284
2,1183,7.549750891680639,6.825976478650313,28.2,149.28752613780514
2,1186,7.530177984021837,6.737394910431729,29.5,183.06490289129036
2,1200,7.481486060122112,7.3880510587207615,33.0,40.92125469901466
2,1206,7.449771646944906,7.116683659127398,35.5,76.43923656032706
2,1208,7.370590400897282,6.816624226778572,42.6,152.5372010826293
2,1214,6.301029995663981,7.359487670965641,500.0,43.70310856173561
3,14,6.399996913372259,8.44681556107069,398.11,3.5742459926524
3,18,7.1605219526258015,8.597000826231694,69.1,2.5292931845402427
3,30,5.698970004336019,7.716219616164685,2000.0,19.221194962905003
3,31,5.0,7.3076642497846755,10000.0,49.24200752964755
3,34,5.301029995663981,7.787411863665951,5000.0,16.31503975348626
3,36,6.819300798703965,8.501752923819792,151.6,3.1495396214649336
3,41,5.346787486224656,6.883611156043013,4500.0,130.734088710117
3,42,5.917933065714887,8.375876243758093,1208.0,4.2084653542411194
3,44,4.449771646944906,7.059580215694909,35500.0,87.1805860853326
3,45,7.265200170411153,8.716674916333778,54.3,1.9201054648128346
3,64,5.48704892002751,8.490568491966178,3258.0,3.2317034958342035
3,67,4.58838029403677,7.128492085118244,25800.0,74.38886199225895
3,71,6.301029995663981,7.414522336836401,500.0,38.50150118976564
3,73,7.7447274948966935,8.782188878239433,18.0,1.6512435026739443
3,74,7.508638306165727,8.645367283765935,31.0,2.2627299027134873
3,76,7.275724130399211,8.884915700995059,53.0,1.3034197550148976
3,81,5.0,7.274564333309612,10000.0,53.141727328355145
3,84,6.301029995663981,7.337696248684187,500.0,45.95192943534102
3,94,7.2958494831602,8.480181131493152,50.6,3.3099304519769452
3,95,6.586197483230649,8.448486093121998,259.3,3.5605239128118567
3,97,6.0,7.368230010109269,1000.0,42.83216135442068
3,102,5.0,8.626663862616143,10000.0,2.362305914966763
3,107,6.52432881167557,8.702185785116455,299.0,1.9852454753809687
3,108,5.217169194797409,8.437272500441768,6065.0,3.6536546911913814
3,110,6.84163750790475,8.4163044654631,144.0,3.834383388681178
3,123,7.636388020107855,8.665056733443393,23.1,2.1624360185142395
3,130,5.7447274948966935,7.405341332552093,1800.0,39.32408873764052
3,138,5.210137369953618,8.36423064401715,6164.0,4.322841936644418
3,143,6.500312917381596,8.654188853644426,316.0,2.2172320432636243
3,149,5.443697499232712,6.959210352921491,3600.0,109.84736588009517
3,158,6.943476275920899,8.566143265644,113.9,2.7155433140108536
3,166,8.72584215073632,9.748712186709746,1.88,0.17835603673537265
3,174,7.958607314841775,8.54269762147433,11.0,2.866172854755613
3,178,7.721246399047171,8.23982651213138,19.0,5.75669854582268
3,179,7.431798275933005,8.44361037169547,37.0,3.600722299297299
3,180,7.266802734893431,8.428773592510796,54.1,3.7258589304599625
3,187,7.175874166083451,8.365531906084163,66.7,4.309908934606993
3,190,7.769551078621726,7.8932236094270385,17.0,12.787227462064047
3,192,9.0,8.88680287065133,1.0,1.2977682035147773
3,195,8.366531544420413,8.872561484934318,4.3,1.3410300665815746
3,198,5.698970004336019,6.8618986038037795,2000.0,137.43628146751118
3,200,6.886056647693163,8.702714812324082,130.0,1.9828286602848253
3,207,7.206209615309181,8.575735937263621,62.2,2.65622012441924
3,210,6.568636235841012,8.559605819607809,270.0,2.7567296694730525
3,211,7.570247719997592,8.544507395676842,26.9,2.8542539077827227
3,212,7.196542884351587,8.502342421078968,63.6,3.1452674385409067
3,214,8.397940008672037,8.686825975166833,4.0,2.0567145707849668
3,216,7.136677139879544,8.570060808461491,73.0,2.691157970603671
3,220,6.236572006437063,8.599009961743187,580.0,2.5176191785486197
3,229,7.455931955649724,8.922054060341187,35.0,1.196591572069552
3,244,9.3767507096021,8.846894337991566,0.42,1.4226748757931447
3,245,8.397940008672037,8.899198560015641,4.0,1.2612507572227383
3,263,5.0,7.3459279387223955,10000.0,45.08915135118454
3,273,4.455931955649724,7.421810389894023,35000.0,37.860784632662515
3,277,8.200659450546418,8.388594371378362,6.3,4.087009325133383
3,282,5.537602002101044,6.7744771692014805,2900.0,168.08262841824993
3,286,4.530177984021837,6.759718410358444,29500.0,173.89279565611957
3,287,6.496754228534887,8.596264847918818,318.6,2.5335830919691955
3,289,6.600326278518962,7.564744343609522,251.0,27.24304554118851
3,291,7.324221658325915,8.584953877488712,47.4,2.600435717392765
3,294,5.0,7.192160133546302,10000.0,64.24507884672822
3,301,4.508638306165727,6.795572092255843,31000.0,160.11348402154488
3,304,5.301029995663981,6.912209246504306,5000.0,122.40263116460012
3,307,8.2518119729938,8.990093471479122,5.6,1.0230727766868626
3,318,7.769551078621726,8.930747606126165,17.0,1.1728767946877465
3,326,4.0,7.412060209726351,100000.0,38.720396001060536
3,327,6.889410289700751,8.199310081510415,129.0,6.319604773879332
3,331,7.299988937677888,8.834384387741954,50.12,1.4642512797033767
3,340,4.481486060122113,7.350650453775081,33000.0,44.60150836396531
3,351,8.167491087293763,8.631354192031932,6.8,2.336930560501055
3,357,7.0915149811213505,7.831271326891729,81.0,14.747848687504355
3,358,4.522878745280337,7.814127846767492,30000.0,15.341652917147336
3,360,7.508638306165727,8.420188194666446,31.0,3.800246829304595
3,366,6.301029995663981,7.402117795457903,500.0,39.61705647285411
3,367,6.614393726401688,8.42882271566202,243.0,3.725437521511318
3,368,6.068033885271827,8.37431383285173,855.0,4.223632929079284
3,373,5.0,7.357255950881464,10000.0,43.928264848352896
3,374,5.154901959985743,7.507204788101523,7000.0,31.102493779619152
3,384,4.42021640338319,6.99509029649681,38000.0,101.1369153209075
3,403,5.301029995663981,7.712092972883106,5000.0,19.404704211466186
3,411,6.568636235841012,8.582089365128507,270.0,2.6176443179987623
3,415,7.6777807052660805,8.980711542507539,21.0,1.0454143507144156
3,416,5.301029995663981,7.574189931333825,5000.0,26.65692614061376
3,423,6.455931955649724,7.331455745526091,350.0,46.616992815378275
3,434,5.0,7.4176719155667685,10000.0,38.22329167220384
3,442,8.761953896871205,7.681511098968072,1.73,20.820391952835333
3,443,5.301029995663981,7.697938018234486,5000.0,20.047581225989035
3,446,7.031517051446065,7.918640374986285,93.0,12.060342043613863
3,448,4.481486060122113,7.105869721068959,33000.0,78.36646899306126
3,453,6.310788845921346,7.93011471629488,488.89,11.745872537478345
3,471,11.920818753952375,10.245630052119752,0.0012,0.056802826657505905
3,481,11.744727494896694,9.104692827993926,0.0018,0.785791220129296
3,484,11.721246399047171,10.207020004848054,0.0019,0.062084043588227424
3,489,11.698970004336019,8.641714886805499,0.002,2.2818396021308835
3,492,11.698970004336019,8.985467102755981,0.002,1.0340294244043484
3,498,11.657577319177793,10.156952928037136,0.0022,0.06967020236001288
3,499,11.657577319177793,10.011892502611243,0.0022,0.09729880298044653
3,501,11.657577319177793,10.259481695128649,0.0022,0.05501971100180523
3,507,11.619788758288394,8.382413875000656,0.0024,4.145587870977707
3,510,11.602059991327963,9.998129943587463,0.0025,0.10043152480023476
3,514,11.55284196865778,10.101793911223389,0.0028,0.07910539232590108
3,516,11.55284196865778,9.923358998739957,0.0028,0.119300153169098
3,525,11.522878745280337,8.749994794861744,0.003,1.7783007233321897
3,528,11.42021640338319,9.957472021178823,0.0038,0.1102879283032948
3,532,11.397940008672037,8.570060808461491,0.004,2.691157970603671
3,534,11.366531544420413,8.872561484934318,0.0043,1.3410300665815746
3,535,11.346787486224656,10.160441516907417,0.0045,0.06911279920218337
3,537,11.301029995663981,8.580519305626945,0.005,2.6271247406942337
3,540,11.299988937677888,8.962030927659821,0.005012,1.091362613855115
3,542,11.259637310505756,8.693463256349599,0.0055,2.0255209695504868
3,547,11.221848749616356,8.557362518542293,0.006,2.7710060976589985
3,554,11.161150909262744,8.93276770791801,0.0069,1.1674338781223317
3,558,11.154901959985743,8.722579217542389,0.007,1.894177975059512
3,564,11.096910013008056,8.4741281910337,0.008,3.35638528939368
3,567,11.096910013008056,8.555894608953068,0.008,2.780387907785217
3,568,11.096910013008056,8.442133912496747,0.008,3.6129844092391608
3,570,10.958607314841775,8.54269762147433,0.011,2.866172854755613
3,584,10.769551078621726,8.791055007911753,0.017,1.6178751039609152
3,600,10.537602002101044,8.526578021685365,0.029,2.974554827432823
3,603,10.508638306165727,8.420188194666446,0.031,3.800246829304595
3,604,10.508638306165727,8.763615488568114,0.031,1.7233937413364184
3,607,10.497572880015568,8.637387156025165,0.0318,2.304691732895344
3,611,10.471083299722345,8.426744253061086,0.0338,3.743309590540102
3,620,10.324221658325914,8.584953877488712,0.0474,2.600435717392765
3,623,10.301029995663981,7.527540164835805,0.05,29.679722439350478
3,627,10.2958494831602,8.480181131493152,0.0506,3.3099304519769452
3,628,10.26680273489343,8.428773592510796,0.0541,3.7258589304599625
3,634,10.259637310505756,8.808886390214727,0.055,1.5527931616192405
3,646,10.183758700008216,8.578348804647035,0.0655,2.640287352457623
3,653,10.154901959985743,8.455743028661038,0.07,3.501522902860288
3,657,10.129596094720974,8.185425834951122,0.0742,6.524904581517551
3,673,9.95546023960759,8.51678839964968,0.1108,3.042366990432756
3,674,9.943476275920899,8.566143265644,0.1139,2.7155433140108536
3,682,9.848017604542527,8.416844553446545,0.1419,3.829617918878607
3,692,9.769551078621726,8.577633311592672,0.17,2.644640767784242
3,693,9.705533773838408,8.111822902432792,0.197,7.729957347505442
3,694,9.698970004336019,7.329000585334277,0.2,46.88127502874625
3,697,9.698970004336019,9.166263520975523,0.2,0.6819247906173052
3,702,9.698970004336019,9.07982881873368,0.2,0.8320916832588581
3,705,9.698970004336019,9.167143767853094,0.2,0.6805440356578035
3,708,9.698970004336019,9.000616200343199,0.2,0.9985821523725071
3,710,9.698970004336019,9.060712710550119,0.2,0.8695354440811923
3,713,9.698970004336019,9.173581792381748,0.2,0.6705299912687759
3,718,9.698970004336019,9.180735947306932,0.2,0.6595747973367252
3,723,9.698970004336019,9.165330730562921,0.2,0.683391022706725
3,726,9.698970004336019,9.142800223715815,0.2,0.7197800020261458
3,733,9.698970004336019,9.187184278718235,0.2,0.6498538875021161
3,734,9.698970004336019,9.15457666142677,0.2,0.7005245157427294
3,741,9.698970004336019,9.061348682317002,0.2,0.8682630464051505
3,750,9.698970004336019,9.008082433042187,0.2,0.981561616016115
3,751,9.698970004336019,9.125148280523913,0.2,0.7496382177633487
3,764,9.698970004336019,9.166955665322021,0.2,0.680838858151241
3,765,9.698970004336019,9.130618056744941,0.2,0.7402560120859563
3,767,9.698970004336019,9.18886144139469,0.2,0.6473491149959243
3,778,9.585026652029182,7.732589440156025,0.26,18.51017649766312
3,783,9.54821356447571,8.287782706363952,0.283,5.154864970822164
3,786,9.522878745280337,7.220467162272282,0.3,60.19117727287277
3,791,9.455931955649724,7.28080863646207,0.35,52.38312019180224
3,797,9.301029995663981,7.288798729273326,0.5,51.42819367130616
3,804,9.2839966563652,7.693876629320073,0.52,20.235939423807736
3,817,9.259637310505756,8.79936447776092,0.55,1.5872141342127513
3,822,9.221848749616356,8.477628347430326,0.6,3.3294435243048817
3,827,9.221848749616356,7.879579298223343,0.6,13.195343547349005
3,832,9.129011186239424,8.525375947297217,0.743,2.9827994387634016
3,833,9.1249387366083,7.232770234606607,0.75,58.509955174923746
3,835,9.1249387366083,7.322158891539252,0.75,47.62567110324607
3,841,9.060480747381382,8.202120895561022,0.87,6.278835490852273
3,843,9.0,7.368230010109269,1.0,42.83216135442068
3,844,9.0,7.219641905270078,1.0,60.305662760488275
3,847,9.0,8.59500728556984,1.0,2.5409300794520315
3,850,9.0,8.70950997205344,1.0,1.9520459116233975
3,853,9.0,8.525151780821373,1.0,2.98433944505003
3,857,9.0,8.306475592689228,1.0,4.937696672807617
3,859,9.0,8.663029958348428,1.0,2.172551307528317
3,877,8.602059991327963,7.193030151732854,2.5,64.11650609177003
3,881,8.537602002101044,7.446886061308994,2.9,35.73665822392086
3,889,8.4089353929735,7.226799113578925,3.9,59.31996504197884
3,899,8.338850142755213,7.931024344336388,4.583,11.721296600885985
3,901,8.327902142064282,7.324315687130483,4.7,47.389738568944
3,904,8.31821623353212,7.907264050958335,4.806,12.380436273756601
3,905,8.314706218613216,7.954317977421358,4.845,11.109180484966187
3,912,8.275970027064403,7.835235176556223,5.297,14.613855993424902
3,913,8.270754192774694,7.821018916315328,5.361,15.100143819025421
3,917,8.259637310505756,8.345530546413505,5.5,4.51304281414664
3,920,8.259637310505756,8.636450338875788,5.5,2.3096685520264253
3,922,8.247260306064671,7.860276813661699,5.659,13.795047059418977
3,924,8.242679903453327,7.85479511771081,5.719,13.970272656746365
3,925,8.234704070301943,7.910028208246884,5.825,12.301888651270568
3,929,8.219250768896448,7.813101997090599,6.036,15.377934363662071
3,939,8.175678875149229,7.906404506483659,6.673,12.404963578879554
3,943,8.174184555014797,7.9623909714510805,6.696,10.90458214846199
3,951,8.157265981051731,7.843497510364702,6.962,14.338459356933383
3,957,8.11793105556385,7.84245715983107,7.622,14.372848246439649
3,971,8.064492734175287,7.819434758116234,8.62,15.155324574453797
3,972,8.062732927788588,7.821515259414325,8.655,15.082896141948002
3,979,8.032592443402526,7.871190931662364,9.277,13.452687949006055
3,982,8.0,7.725801390141516,10.0,18.801764551878456
3,985,8.0,7.925237121022462,10.0,11.878534926412048
3,988,8.0,7.455369809534426,10.0,35.04533295719812
3,990,8.0,7.499460570636594,10.0,31.662079087037654
3,992,8.0,7.733978651197312,10.0,18.451061176339238
3,1009,8.0,7.355638546081919,10.0,44.09216804307687
3,1014,8.0,7.1769218007289,10.0,66.53929563881778
3,1023,8.0,8.441319474350989,10.0,3.61976624339706
3,1028,7.980094800195386,7.912521577069757,10.469,12.231463479123784
3,1056,7.8238797889439144,7.887076143492716,15.001,12.969518605370796
3,1058,7.804349377595814,7.691930987078683,15.691,20.326799946375075
3,1060,7.791478027068567,7.831932862639088,16.163,14.72540124059819
3,1066,7.77193344734203,7.848323724549666,16.907,14.180001456326652
3,1076,7.741626151031881,7.806955466455479,18.129,15.597124310893125
3,1078,7.739165687827681,7.768472990339188,18.232,17.04225305272127
3,1086,7.719968255861298,8.09112615690353,19.056,8.107255184168416
3,1089,7.716111062023944,7.777880489632545,19.226,16.677060734239788
3,1092,7.716111062023944,7.802595256367775,19.226,15.754504320185642
3,1106,7.716111062023944,7.800991159917685,19.226,15.812802259678337
3,1107,7.716111062023944,7.77082788401038,19.226,16.950094194381155
3,1111,7.716111062023944,7.728076944491125,19.226,18.70350738652908
3,1130,7.716111062023944,7.792135162869173,19.226,16.138562078621742
3,1135,7.711952090407881,7.845455045931231,19.411,14.273975732527273
3,1138,7.70245833218184,7.699745743418832,19.84,19.964307781341113
3,1139,7.701845848676815,7.734345300168623,19.868,18.435490617616146
3,1141,7.70123422773812,7.905607649937975,19.896,12.427745472303824
3,1142,7.701146923590294,7.748619900809108,19.9,17.83939407316483
3,1145,7.700732468391398,7.922835307481113,19.919,11.944409727513312
3,1146,7.699534954459689,7.732412485833094,19.974,18.51772004995948
3,1147,7.699035153394606,7.733198000101259,19.997,18.484257072340405
3,1154,7.698449163399833,8.016808891252218,20.024,9.620355233613832
3,1159,7.697820646186798,7.715465442844614,20.053,19.254602493770967
3,1160,7.697582480849378,7.752895576253658,20.064,17.664625059304562
3,1162,7.697517549327705,7.796549244211531,20.067,15.975363757564788
3,1167,7.670805584911549,7.701812080891082,21.34,19.86954486063677
3,1168,7.66524476013033,7.883697527197085,21.615,13.070809130089694
3,1177,7.635674183262498,7.752600688861009,23.138,17.67662347128766
3,1179,7.600326278518962,7.3321643015020666,25.1,46.54099871492632
3,1182,7.560004526046192,7.570341968189659,27.542,26.894162943817406
3,1185,7.549750891680639,6.718277728602841,28.2,191.3032161674952
3,1187,7.522878745280337,7.508448834499165,30.0,31.013527464314297
3,1191,7.481486060122112,7.175249032170672,33.0,66.79607871513005
3,1193,7.481486060122112,6.974882051731256,33.0,105.95414426486663
3,1199,7.481486060122112,6.893826163032809,33.0,127.69498368704075
3,1202,7.481486060122112,7.105869721068959,33.0,78.36646899306126
3,1203,7.481486060122112,7.188645559439653,33.0,64.76709835397095
3,1211,7.200659450546418,6.763320718942861,63.0,172.4563861121146
4,0,7.42021640338319,7.941325596759124,38.0,11.446544559264002
4,1,6.600326278518962,7.840521568368393,251.0,14.437049037885691
4,3,5.119186407719209,6.703062133877608,7600.0,198.12435519044354
4,5,5.858863909879261,8.99167526424147,1384.0,1.019353305960969
4,7,6.0,8.61785091753717,1000.0,2.4107328311140614
4,20,7.192464971931146,8.405827151699198,64.2,3.928012383695578
4,21,7.421360790031928,8.458494984755578,37.9,3.479405256524938
4,22,8.542118103266008,8.868873863796802,2.87,1.3524653152913158
4,27,7.259637310505756,8.620079555096456,55.0,2.39839353534305
4,47,7.50003813440381,8.813839753780922,31.62,1.5351833311050465
4,50,7.132532512140949,8.676841107842561,73.7,2.104548274672592
4,51,7.0,8.595934739437974,100.0,2.5355096078236983
4,68,6.0,7.83993089862931,1000.0,14.456697755472385
4,70,5.0,7.665684490270799,10000.0,21.59312554121436
4,78,6.301029995663981,7.467597832570865,500.0,34.07235621007937
4,86,5.903089986991944,7.429219613272752,1250.0,37.22034434731649
4,88,7.721246399047171,7.941325596759124,19.0,11.446544559264002
4,90,7.853871964321762,8.370925745503392,14.0,4.2567118702118245
4,98,4.200659450546418,6.715070309244497,63000.0,192.72128856231546
4,101,6.845576026885353,8.408967901615274,142.7,3.899708080661424
4,106,8.221848749616356,8.689061771439178,6.0,2.0461535834277242
4,109,6.610833915635467,8.278145241363246,245.0,5.270535691054538
4,121,5.698970004336019,6.735267048621697,2000.0,183.96404546917327
4,124,7.183758700008217,8.630224933039722,65.5,2.343014989198209
4,125,7.086186147616283,8.26565896248846,82.0,5.424266734523274
4,142,7.537602002101044,7.896492508385079,29.0,12.691340369210991
4,150,5.809668301829708,6.759838365952537,1550.0,173.8447717138921
4,154,7.497572880015567,8.823792301740331,31.8,1.500402220680532
4,155,6.698970004336019,7.5390719619628035,200.0,28.90200940602298
4,163,7.0,8.519854886339793,100.0,3.020960965256807
4,165,7.721246399047171,8.589209990851838,19.0,2.575075750661029
4,167,8.772113295386326,9.952484355846508,1.69,0.11156183374248091
4,170,8.522878745280337,7.99490867487846,3.0,10.117921954629875
4,172,7.040481623027002,8.57435647983206,91.1,2.664670538022949
4,185,7.1487416512809245,8.35859987830633,71.0,4.379253862529939
4,196,5.0,7.682266447315246,10000.0,20.78421147872803
4,199,7.823908740944319,8.245624876045035,15.0,5.6803503657650465
4,201,4.522878745280337,7.8615783527437975,30000.0,13.753766508799323
4,205,5.138107309608554,8.644561625702472,7276.0,2.2669313803317146
4,208,8.100015437450608,8.975837748781355,7.943,1.0572124070772884
4,213,7.124360062995832,8.720274046773836,75.1,1.9042587210114859
4,226,4.6020599913279625,7.367014943437432,25000.0,42.95216472994391
4,227,7.031517051446065,8.547360348081707,93.0,2.8355652924864168
4,230,5.0,7.208370633078382,10000.0,61.89126607766764
4,232,6.2958494831602,8.453526412351094,506.0,3.5194401780510525
4,240,8.096910013008056,8.715957723149483,8.0,1.923278943397786
4,243,6.013676222949234,8.611320417849885,969.0,2.44725701542075
4,246,7.400007822415902,8.791576202737552,39.81,1.615934664021385
4,248,8.522878745280337,8.69844931629827,3.0,2.002399295031856
4,250,6.79317412396815,8.569527204102547,161.0,2.694466546323704
4,253,8.096910013008056,8.621513594517456,8.0,2.3904871058713693
4,268,5.817300096663958,8.40049827274077,1523.0,3.976506779923304
4,269,4.481486060122113,7.380564884642569,33000.0,41.6327516043937
4,270,6.187086643357144,7.518744878380487,650.0,30.286920781922504
4,279,6.1249387366083,6.852456531078067,750.0,140.45702612323927
4,298,5.153786636120612,8.339014584583031,7018.0,4.581265015404831
4,299,6.610125441609014,8.392795071241164,245.4,4.047668423148095
4,306,7.537602002101044,8.580849236477802,29.0,2.6251296880727244
4,308,7.79997073344623,8.841090256573558,15.85,1.4418156772911992
4,313,5.0,7.839492766333825,10000.0,14.471289564649721
4,322,6.814457845145625,8.559780018529443,153.3,2.7556241453214207
4,323,6.991399828238082,8.654555399460856,102.0,2.215361482406852
4,333,5.0,7.126757867938575,10000.0,74.68650417782591
4,335,7.044312249686494,8.388549359328174,90.3,4.087432941389825
4,336,9.161150909262744,7.9903743060697465,0.69,10.224114250897852
4,337,5.0,8.43507576585659,10000.0,3.6721823099672983
4,338,5.167682730077738,8.553806918888489,6797.0,2.7937856422883836
4,342,6.368556230986828,7.919020786102416,428.0,12.049782665994984
4,345,5.301029995663981,7.705250320813749,5000.0,19.71286188862821
4,350,6.455931955649724,7.619613125132818,350.0,24.00970780969749
4,353,6.769551078621726,8.5904958059369,170.0,2.5674630024571816
4,355,8.823908740944319,8.87170737683624,1.5,1.3436700072559988
4,359,8.096910013008056,8.665738985270014,8.0,2.1590416219349438
4,363,9.494850021680094,8.711979500272047,0.32,1.94097749416445
4,371,5.0,7.424201651223075,10000.0,37.65289288158306
4,379,4.9049702033515485,7.940835597172067,12446.0,11.459466591758257
4,383,6.557520230935552,8.309239256016527,277.0,4.906375058831288
4,386,7.795880017344075,8.15635241169159,16.0,6.976660476897669
4,388,7.1938200260161125,7.934497511112722,64.0,11.62793214806527
4,401,8.67778070526608,9.99125245614139,2.1,0.10203461822616924
4,405,7.309803919971486,8.576450094721235,49.0,2.651855803304071
4,406,8.698970004336019,9.97556123462159,2.0,0.10578857457831338
4,412,5.0,7.74565000779694,10000.0,17.96180561979404
4,414,6.113509274827518,7.819505728131741,770.0,15.152848177014956
4,426,5.0,7.858136133183763,10000.0,13.863212069524934
4,429,4.600326278518962,7.351392005554545,25100.0,44.52541689064825
4,436,6.698970004336019,8.15028561248739,200.0,7.074803589829411
4,438,4.769551078621726,7.248581384823076,17000.0,56.41812064300725
4,440,5.804100347590767,7.730708391722214,1570.0,18.59052302119684
4,444,5.301029995663981,7.764578363399024,5000.0,17.19577035524164
4,452,5.4089353929735005,7.44945741806159,3900.0,35.52569491987324
4,458,5.0,7.047410749530035,10000.0,89.65804203932343
4,461,12.0,8.711979500272047,0.00032,1.94097749416445
4,463,12.0,8.785942376465918,0.00042,1.6370337137111404
4,465,12.0,9.963479062094835,0.0007,0.1087729577232905
4,469,12.0,8.493741606598364,0.001,3.208177535136552
4,472,11.853871964321762,9.992507465877349,0.0014,0.10174018760598985
4,476,11.769551078621726,9.973584437133836,0.0017,0.10627119468153289
4,478,11.744727494896694,10.044475462002884,0.0018,0.09026607071060848
4,483,11.721246399047171,10.017580939942171,0.0019,0.09603268245368585
4,485,11.721246399047171,10.030966620540331,0.0019,0.09311794422813334
4,494,11.698970004336019,10.046268381415441,0.002,0.08989418897867033
4,495,11.698970004336019,10.033771456759386,0.002,0.09251849154049652
4,512,11.568636235841012,10.115101718916977,0.0027,0.07671817817148438
4,523,11.522878745280337,8.687903201967574,0.003,2.0516194045095726
4,527,11.494850021680094,10.001508387019648,0.0032,0.0996532835079812
4,531,11.397940008672037,8.647168482518692,0.004,2.253364860175264
4,541,11.275724130399212,8.765955670878066,0.0053,1.714132262759714
4,552,11.199970640755865,8.888314868698522,0.00631,1.293257874031401
4,555,11.154901959985743,8.580599648770121,0.007,2.6266387756511644
4,559,11.154901959985743,8.696874188601218,0.007,2.0096749139323578
4,562,11.100015437450608,8.863610740957022,0.007943,1.368955273324698
4,572,10.899974269892137,8.774169682827747,0.01259,1.6820167533352672
4,579,10.79997073344623,8.841090256573558,0.01585,1.4418156772911992
4,580,10.795880017344075,8.23954830668395,0.016,5.760387420628053
4,582,10.769551078621726,8.534360078272657,0.017,2.9217289361317507
4,585,10.744727494896694,8.629101700375966,0.018,2.3490826628921506
4,588,10.703334809738468,8.150302258327441,0.0198,7.074532428677281
4,590,10.700057099977233,8.741050505702702,0.01995,1.8153045420552065
4,593,10.67778070526608,8.27071846721247,0.021,5.361441020148305
4,599,10.55284196865778,8.568266811991453,0.028,2.702297677690348
4,608,10.494850021680094,8.279528804404348,0.032,5.253771685281167
4,615,10.421360790031928,8.458494984755578,0.0379,3.479405256524938
4,616,10.410050398674292,8.605387387590989,0.0389,2.4809191557756174
4,625,10.300162274132754,8.364244676111978,0.0501,4.322702267478496
4,636,10.259637310505756,8.718699139713564,0.055,1.9111767800405168
4,639,10.236572006437063,8.377284225742068,0.058,4.194843609369353
4,643,10.192464971931146,8.405827151699198,0.0642,3.928012383695578
4,645,10.187086643357144,8.553701032513347,0.065,2.7944668848843692
4,648,10.175874166083451,8.287295816367303,0.0667,5.160647359785543
4,649,10.164309428507574,8.578703165473227,0.0685,2.6381338993400476
4,655,10.136677139879545,8.506574106361917,0.073,3.1147693582048666
4,662,10.069050968832476,8.303153585358066,0.0853,4.975610946865388
4,664,10.047691990337874,8.469095111609324,0.0896,3.3955090192556443
4,668,10.00436480540245,8.502138120456959,0.099,3.1467473819564664
4,672,9.96657624451305,8.553806918888489,0.108,2.7937856422883836
4,676,9.90274269030658,8.61066587644646,0.1251,2.450948148521672
4,680,9.872895201635192,8.741753385614725,0.134,1.8123689552836335
4,681,9.853871964321762,8.541145890923062,0.14,2.876431983368239
4,690,9.79317412396815,8.480062775669502,0.161,3.310832611563793
4,701,9.698970004336019,9.056312764575829,0.2,0.8783897016717889
4,707,9.698970004336019,9.161280382410213,0.2,0.6897943258314971
4,717,9.698970004336019,9.036878991475614,0.2,0.9185885093724812
4,724,9.698970004336019,9.126372906291714,0.2,0.7475273616406809
4,730,9.698970004336019,9.079360451440852,0.2,0.8329895412127991
4,731,9.698970004336019,9.17503773102503,0.2,0.6682858551092937
4,736,9.698970004336019,8.28213705164115,0.2,5.222313608411829
4,739,9.698970004336019,9.088593297889755,0.2,0.8154675844058612
4,742,9.698970004336019,9.099155402397558,0.2,0.7958745138753238
4,744,9.698970004336019,8.973991990991117,0.2,1.0617151365576822
4,746,9.698970004336019,8.549181498349794,0.2,2.823699660739093
4,748,9.698970004336019,9.171069897793572,0.2,0.6744194741038217
4,762,9.698970004336019,9.136767248034342,0.2,0.7298485540750551
4,769,9.698970004336019,9.027025656443806,0.2,0.9396677969738194
4,773,9.610125441609014,8.392795071241164,0.2454,4.047668423148095
4,782,9.557520230935552,8.309239256016527,0.277,4.906375058831288
4,784,9.52432881167557,8.608452865581521,0.299,2.4634691865244376
4,787,9.496754228534888,8.505072118940346,0.3186,3.1255602934936206
4,790,9.455931955649724,7.535967097083627,0.35,29.10937647485922
4,792,9.405607449624574,8.40499655241351,0.393,3.935531996108508
4,795,9.325047051951435,8.116077408719514,0.4731,7.654601590073826
4,799,9.301029995663981,7.467597832570865,0.5,34.07235621007937
4,800,9.301029995663981,7.416495064039118,0.5,38.32700964200424
4,803,9.2958494831602,8.453526412351094,0.506,3.5194401780510525
4,810,9.259637310505756,8.785544378783273,0.55,1.6385346175543558
4,814,9.259637310505756,8.592362028338368,0.55,2.556453935732416
4,824,9.221848749616356,8.960954691152228,0.6,1.0940705019338783
4,834,9.1249387366083,7.452033818858323,0.75,35.31556682071184
4,845,9.0,7.83993089862931,1.0,14.456697755472385
4,848,9.0,8.608186430066166,1.0,2.464980965017557
4,863,8.917933065714887,8.258676541453859,1.208,5.512180857330096
4,865,8.817300096663958,8.40049827274077,1.523,3.976506779923304
4,866,8.809668301829708,6.759838365952537,1.55,173.8447717138921
4,869,8.7307206102281,8.376063286033657,1.859,4.206653239452457
4,872,8.698970004336019,6.683843183191788,2.0,207.08889787733236
4,874,8.698970004336019,7.63272810986919,2.0,23.295492159042098
4,880,8.546987608878545,8.204395998458917,2.838,6.246029075285255
4,890,8.387216143280265,7.364242611698838,4.1,43.22722815436029
4,897,8.356547323513812,7.495937592872838,4.4,31.919965047687366
4,906,8.311491192343478,7.846058690070634,4.881,14.254149516031827
4,909,8.301029995663981,7.712450322884774,5.0,19.38874402939034
4,911,8.2839966563652,7.56564647170828,5.2,27.186514293705258
4,918,8.259637310505756,8.589608121162538,5.5,2.572716185958951
4,933,8.200659450546418,7.465573418527125,6.3,34.231551347350724
4,936,8.18949865223347,7.865009174915371,6.464,13.64554308678212
4,941,8.174573882232178,7.9217239575635485,6.69,11.97501434785256
4,950,8.164880409575451,7.772857336625736,6.841,16.871071398876868
4,956,8.119186407719209,7.493665271182214,7.6,32.087414821848604
4,963,8.101823516502323,7.929830977650734,7.91,11.75354900361706
4,967,8.082914809359433,7.892411564705884,8.262,12.811159413472945
4,974,8.048371106163362,7.978357152476096,8.946,10.5109712338637
4,981,8.0,8.025130414029075,10.0,9.437774273729955
4,983,8.0,7.857324848179233,10.0,13.889133484808262
4,993,8.0,7.709642447429811,10.0,19.514505584913834
4,998,8.0,7.078631334030283,10.0,83.43891843396685
4,1000,8.0,7.2628869105895015,10.0,54.58999938464953
4,1004,8.0,7.249150942835621,10.0,56.344179268089434
4,1008,8.0,7.152130911172434,10.0,70.44806824480324
4,1013,8.0,7.424201651223075,10.0,37.65289288158306
4,1026,7.990634101653756,7.80190767017695,10.218,15.779467012096719
4,1027,7.983635320543706,7.91249807001687,10.384,12.232125549337578
4,1031,7.959555901637323,7.831432182735625,10.976,14.742387327822867
4,1033,7.942143791258112,7.91355046195283,11.425,12.202520278357294
4,1035,7.915781313260761,7.852445786913518,12.14,14.046050098219048
4,1036,7.912360531687359,7.937000671623943,12.236,11.561104542991021
4,1043,7.8665569024509026,7.9212047047386225,13.597,11.98934052283324
4,1045,7.863057587224633,7.731686835968531,13.707,18.548686626611758
4,1049,7.852571031301344,7.961000880855113,14.042,10.939541474640702
4,1053,7.828712449347139,7.854436502217298,14.835,13.981813271396035
4,1059,7.799122154250974,7.8567870906713715,15.881,13.906342112133604
4,1064,7.77585556782871,7.753167129740633,16.755,17.653583263114612
4,1070,7.765659912384816,8.052225890140106,17.153,8.866946944386411
4,1073,7.744630995733559,7.77037440569273,18.004,16.967802258684504
4,1075,7.74301781409843,7.717304050479872,18.071,19.17325946752269
4,1077,7.740453900912978,7.992339002190329,18.178,10.17796604809505
4,1081,7.725957669950168,7.821081819120081,18.795,15.097956886761226
4,1087,7.716111062023944,8.048858189559233,19.226,8.935972229433803
4,1088,7.716111062023944,7.83303020310337,19.226,14.688241244013913
4,1097,7.716111062023944,7.825805159325921,19.226,14.934642829841605
4,1104,7.716111062023944,7.882019427651812,19.226,13.12141200616119
4,1105,7.716111062023944,7.726421896300321,19.226,18.774920369616925
4,1115,7.716111062023944,7.895709502332518,19.226,12.714242709396894
4,1128,7.716111062023944,8.118023990503186,19.226,7.6203691381023875
4,1136,7.706394396807182,7.839004985277821,19.661,14.487552231498642
4,1143,7.701059636989275,7.94854906752654,19.904,11.257732694192386
4,1144,7.701016000266616,7.941984847169156,19.906,11.429182112904488
4,1148,7.698839735530791,8.042239981848754,20.006,9.073190265284369
4,1149,7.698774615778292,7.93905869963498,20.009,11.506448562342094
4,1151,7.698644405558876,8.004110032985226,20.015,9.905809392013294
4,1153,7.698470852639077,7.965206690475087,20.023,10.834111716518974
4,1157,7.698123954726846,7.909779296651967,20.039,12.308941378213277
4,1165,7.695832728275604,7.940341306019,20.145,11.472516579327161
4,1169,7.662241328506583,7.84330269656879,21.765,14.344892679055533
4,1172,7.657913040095421,7.839576413091752,21.983,14.46850260800657
4,1176,7.642923160157588,7.984709854013605,22.755,10.358339615492
4,1189,7.51999305704285,6.615771798101872,30.2,242.23015211164306
4,1192,7.481486060122112,6.9476625382235735,33.0,112.8073667816742
4,1197,7.481486060122112,7.064191504615557,33.0,86.25980963679038
4,1207,7.42021640338319,6.692385285692441,38.0,203.05547986673002
4,1209,7.301029995663981,7.368880972335128,50.0,42.768008493875925
4,1210,7.301029995663981,7.2459039346397205,50.0,56.767015940413756
4,1212,7.082494490447454,7.3988844643953255,82.7,39.913106930198296
4,1213,7.0,7.3772932750026685,100.0,41.94756203613349
5,2,5.200659450546418,7.020396877519635,6300.0,95.41202701690473
5,4,5.376750709602099,6.8979914387854535,4200.0,126.4761279369644
5,9,6.100726812682396,8.88782527029209,793.0,1.2947166400491434
5,11,8.045757490560675,9.02960004595321,9.0,0.9341141568967571
5,13,6.045757490560675,7.207425532531223,900.0,62.026098925111185
5,16,6.325047051951435,8.254336350082248,473.1,5.567543897342606
5,17,5.546987608878545,8.195703915648714,2838.0,6.372298102724045
5,19,5.4381833356810425,8.39377905634554,3646.0,4.038507964007912
5,24,4.777283528852417,7.848783785238255,16700.0,14.16498812464898
5,26,5.958607314841775,7.560839802143733,1100.0,27.489079535770987
5,33,8.698970004336019,7.760651218128285,2.0,17.351969749132007
5,37,7.047691990337874,8.541622465947235,89.6,2.87327724890169
5,39,6.845271792559844,8.417259384634143,142.8,3.8259616751711407
5,40,7.164309428507575,8.67724032846532,68.5,2.1026145797645137
5,49,5.0590355065072,8.53986981436496,8729.0,2.8848961601013134
5,53,4.723538195826756,7.307274044034893,18900.0,49.28627046597964
5,54,7.0,8.818297090319465,100.0,1.5195077157508703
5,58,8.102372908709558,7.877612144249087,7.9,13.255247943305417
5,66,7.0,9.008925984525176,100.0,0.9796569311044971
5,77,7.568636235841012,9.016255741095499,27.0,0.963261624911948
5,82,8.096910013008056,8.653607450028314,8.0,2.220202308948343
5,91,4.876148359032914,7.03613605548365,13300.0,92.01612590929967
5,92,6.907630300370879,8.632517620848459,123.7,2.330678549571126
5,100,8.039529222465701,8.16343793679387,9.13,6.863759585177519
5,103,5.842543231865774,8.915288288940513,1437.0,1.2153789523328946
5,105,8.154901959985743,8.724253400851813,7.0,1.886890070839228
5,111,7.522878745280337,8.413176845200903,30.0,3.862096800149199
5,116,4.481486060122113,7.546141201680516,33000.0,28.435364413065663
5,126,4.0,7.498763484998056,100000.0,31.712940666528475
5,127,5.522878745280337,7.553796618689412,3000.0,27.938519035252703
5,131,4.549750891680639,6.729898976735012,28200.0,186.25203358187972
5,132,7.508638306165727,8.49369121981809,31.0,3.2085497690030524
5,136,5.0,7.8460623443909325,10000.0,14.254029576656725
5,140,5.301029995663981,8.046825411427857,5000.0,8.977896379280097
5,146,5.301029995663981,7.726356884130318,5000.0,18.777731111474495
5,147,5.301029995663981,8.079061720239045,5000.0,8.335627135175901
5,152,6.7281583934635005,8.90671453824047,187.0,1.2396111151824383
5,162,7.236572006437063,8.491083588026834,58.0,3.2278727979425295
5,169,5.568636235841012,8.317436482608391,2700.0,4.814636649337652
5,177,7.6020599913279625,8.943429130161935,25.0,1.13912365327332
5,183,8.84163750790475,10.179698634677596,1.44,0.06611520750485078
5,186,7.182434630440219,8.348349743757154,65.7,4.4838415412021195
5,189,7.192464971931146,8.411816174867935,64.2,3.874215953256105
5,193,3.3010299956639813,7.487619817207172,500000.0,32.53720044546085
5,215,7.3872161432802645,7.756914788994719,41.0,17.501900520113214
5,217,7.6777807052660805,8.375716294094687,21.0,4.210015607856078
5,218,7.657577319177793,8.307343213254619,22.0,4.9278421364625435
5,222,8.769551078621726,10.065882052826053,1.7,0.08592468470043024
5,224,7.301029995663981,8.993494171805128,50.0,1.015092988942539
5,234,5.376750709602099,6.909906135082661,4200.0,123.0534699949288
5,238,6.548213564475709,8.271557536349857,283.0,5.351092565478176
5,255,7.958607314841775,7.756558223908367,11.0,17.516275856322267
5,256,5.0,7.403540098688629,10000.0,39.48752385812189
5,258,7.494850021680094,8.408184341790898,32.0,3.9067503362987726
5,264,5.382685066701706,8.349038513691355,4143.0,4.47673602250168
5,271,4.455931955649724,7.348579341604777,35000.0,44.814717015407496
5,285,5.698970004336019,7.034273133229793,2000.0,92.41168025298691
5,290,5.7447274948966935,7.50963682218376,1800.0,30.92880766189221
5,295,5.0,7.234460243018457,10000.0,58.28271265834864
5,296,5.0,6.986780694951274,10000.0,103.09065644052399
5,310,8.698970004336019,8.830588903366477,2.0,1.4771040762576175
5,314,8.698970004336019,7.920587427535062,2.0,12.006393487711948
5,317,8.581698708680255,10.214137812099361,2.62,0.06107481890421707
5,320,8.721246399047171,8.892581081312482,1.9,1.2806159855386885
5,321,7.130768280269024,8.835410333584358,74.0,1.4607963209666173
5,324,6.060480747381382,8.274236024906484,870.0,5.318191543246618
5,347,10.0,8.658807527860548,0.1,2.193776965648703
5,354,7.292429823902063,8.981361185818256,51.0,1.0438517272695615
5,356,8.619788758288394,10.042002764169872,2.4,0.09078147521582526
5,365,4.481486060122113,7.308706049427871,33000.0,49.12402577587337
5,369,6.619607839942972,8.520085529614718,240.1,3.019357032038918
5,378,6.698970004336019,8.51692658684325,200.0,3.0413991004521472
5,382,7.301029995663981,8.675602332069,50.0,2.1105598295965198
5,390,7.500312917381596,8.679237458209089,31.6,2.0929677756975
5,396,6.522878745280337,7.570617180260536,300.0,26.877125532824657
5,402,8.200659450546418,7.8435898825960155,6.3,14.335409963733685
5,404,5.301029995663981,7.724545335958466,5000.0,18.856221193074884
5,410,6.0,7.704492043437225,1000.0,19.747310574598274
5,413,4.301029995663981,7.717118653231908,50000.0,19.18144614390837
5,420,6.90274269030658,8.674827636647898,125.1,2.114328010557761
5,421,7.707743928643524,8.606311861365182,19.6,2.475643690829032
5,422,7.410050398674292,8.688975856126964,38.9,2.046558408543052
5,424,6.130768280269024,7.425684920777018,740.0,37.52451426359768
5,430,4.481486060122113,7.099591588812344,33000.0,79.50755735418457
5,432,4.481486060122113,7.081956710235083,33000.0,82.80246957487564
5,433,7.585026652029182,8.463113542465301,26.0,3.442599152757345
5,441,5.991399828238082,7.800293913809785,1020.0,15.838209605400436
5,451,6.522878745280337,7.4749513907421985,300.0,33.50029329168323
5,455,6.53627120834891,8.15763094810185,290.89,6.956151817804752
5,456,4.301029995663981,7.449253049344248,50000.0,35.54241640620654
5,457,5.575118363368933,7.964244815436348,2660.0,10.858133689777587
5,460,12.0,8.658807527860548,0.0001,2.193776965648703
5,462,12.0,9.9580234678232,0.0004,0.11014797876446147
5,467,12.0,8.6869990196334,0.001,2.0558952369105885
5,470,11.958607314841775,10.12773681944738,0.0011,0.07451834149900305
5,490,11.698970004336019,8.830588903366477,0.002,1.4771040762576175
5,491,11.698970004336019,8.982640292057487,0.002,1.040781844974994
5,493,11.698970004336019,9.02960004595321,0.002,0.9341141568967571
5,497,11.67778070526608,10.261531017392825,0.0021,0.054760698937200925
5,504,11.638272163982407,10.069795908968114,0.0023,0.0851538113428794
5,508,11.619788758288394,10.232470688020285,0.0024,0.058550325254981966
5,511,11.585026652029182,10.212996353677287,0.0026,0.06123555330208482
5,524,11.522878745280337,8.993494171805128,0.003,1.015092988942539
5,536,11.301029995663981,8.727263850225292,0.005,1.8738557243743177
5,550,11.221848749616356,8.035928401779598,0.006,9.206013304946062
5,571,10.899974269892137,8.657634433164477,0.01259,2.1997106974319385
5,577,10.847711655616944,10.166501189980783,0.0142,0.06815517072506498
5,581,10.795880017344075,8.835410333584358,0.016,1.4607963209666173
5,586,10.721246399047171,8.184374873075889,0.019,6.54071350882433
5,587,10.707743928643524,8.606311861365182,0.0196,2.475643690829032
5,589,10.700057099977233,8.767148491136117,0.01995,1.709430737752226
5,592,10.698970004336019,8.6873244414022,0.02,2.054355308364631
5,594,10.67778070526608,8.257351891654917,0.021,5.529019330854334
5,597,10.636388020107855,8.58851297734569,0.0231,2.5792118927035164
5,601,10.52432881167557,8.296094763419314,0.0299,5.057143026793415
5,602,10.522878745280337,8.413176845200903,0.03,3.862096800149199
5,606,10.500312917381596,8.679237458209089,0.0316,2.0929677756975
5,609,10.48678239993206,8.273672374385965,0.0326,5.325098256598514
5,617,10.400007822415901,8.752982161615241,0.03981,1.766110361117724
5,631,10.259637310505756,8.849833820223525,0.055,1.4130781457559354
5,640,10.221848749616356,8.683913904610739,0.06,2.0705517783501084
5,641,10.20620961530918,8.503276842704087,0.0622,3.138507402346325
5,644,10.192464971931146,8.411816174867935,0.0642,3.874215953256105
5,647,10.18243463044022,8.348349743757154,0.0657,4.4838415412021195
5,651,10.154901959985743,7.783958931413689,0.07,16.445272287946764
5,656,10.132532512140948,8.570839586404757,0.0737,2.686336503674082
5,665,10.044312249686495,8.401937880084452,0.0903,3.963347204894983
5,666,10.040481623027002,8.608668618547112,0.0911,2.4622456646870305
5,667,10.036212172654444,8.298044041033464,0.092,5.03449552272626
5,671,10.0,8.409042221246004,0.1,3.8990407913461507
5,679,9.886056647693163,8.588675270929997,0.13,2.578248234730485
5,686,9.823908740944319,7.352398548469161,0.15,44.42234201846383
5,695,9.698970004336019,7.502466666342159,0.2,31.443677524904025
5,696,9.698970004336019,7.408531121131303,0.2,39.03632084475251
5,700,9.698970004336019,9.113506854869287,0.2,0.7700042905749596
5,711,9.698970004336019,9.103125265637802,0.2,0.7886326157272865
5,715,9.698970004336019,9.160849330814525,0.2,0.6904793093264187
5,716,9.698970004336019,9.21833356621306,0.2,0.6048761123699188
5,728,9.698970004336019,9.12842552512208,0.2,0.7440026370702755
5,732,9.698970004336019,9.16880605183622,0.2,0.6779441977955554
5,737,9.698970004336019,9.106192557813364,0.2,0.7830823621376294
5,740,9.698970004336019,9.132557443596342,0.2,0.7369576924045994
5,745,9.698970004336019,9.104111374742947,0.2,0.7868439778201749
5,747,9.698970004336019,9.123140937819372,0.2,0.7531111234554817
5,749,9.698970004336019,8.92834657552885,0.2,1.1793790923305145
5,753,9.698970004336019,9.184895069766094,0.2,0.6532883751028719
5,754,9.698970004336019,9.182620720495935,0.2,0.656718543565008
5,757,9.698970004336019,8.536159483497046,0.2,2.9096484281803043
5,758,9.698970004336019,9.14214356415664,0.2,0.7208691430257486
5,770,9.619607839942972,8.520085529614718,0.2401,3.019357032038918
5,780,9.567030709125595,8.222308652044818,0.271,5.993649576174024
5,788,9.472112434047295,8.289547157914349,0.3372,5.13396427268364
5,793,9.39999691337226,8.323021407696013,0.39811,4.753117958011608
5,794,9.397940008672037,8.288924435037165,0.4,5.1413310026423344
5,801,9.301029995663981,7.4922573124045435,0.5,32.19160925751085
5,806,9.259637310505756,8.8065332816351,0.55,1.5612293904492431
5,809,9.259637310505756,8.757440966876493,0.55,1.7480708594267886
5,812,9.259637310505756,8.852084675603315,0.55,1.405773409855883
5,820,9.236572006437063,8.495288961461098,0.58,3.1967674060317144
5,823,9.221848749616356,8.916297179331684,0.6,1.2125588359079815
5,826,9.221848749616356,8.408064914092618,0.6,3.907824810826847
5,829,9.187086643357144,7.472601255363708,0.65,33.6820677151518
5,830,9.134896025358872,8.170290387273003,0.733,6.7563106941909465
5,831,9.130768280269024,7.425684920777018,0.74,37.52451426359768
5,837,9.113509274827518,7.709291511295756,0.77,19.530280855189723
5,838,9.09999903484653,8.669150990779167,0.79433,2.1421457137309914
5,839,9.096910013008056,7.449516253539274,0.8,35.52088244874464
5,842,9.045757490560675,7.207425532531223,0.9,62.026098925111185
5,846,9.0,8.526131956889763,1.0,2.9776115686119824
5,849,9.0,8.716962429898835,1.0,1.9188347287261858
5,852,9.0,8.678588771119973,1.0,2.0960962880107217
5,854,9.0,8.605364004924537,1.0,2.481052733495848
5,858,9.0,8.7827079753955,1.0,1.6492710075545802
5,862,8.95624487303132,8.447905423736062,1.106,3.5652876620505385
5,873,8.698970004336019,7.511533846461713,2.0,30.794003410611786
5,876,8.653255945395152,7.8092369464006035,2.222,15.515402752994815
5,883,8.522878745280337,7.316811006623725,3.0,48.215757409478464
5,884,8.522878745280337,7.425684920777018,3.0,37.52451426359768
5,887,8.439495584804943,7.877819591500528,3.635,13.248917887919053
5,891,8.382685066701706,8.349038513691355,4.143,4.47673602250168
5,893,8.3767507096021,7.518678704266462,4.2,30.291535997940368
5,900,8.337242168318426,7.5071448817446695,4.6,31.106784337482402
5,914,8.265680319140992,7.968268023163639,5.424,10.758010822312805
5,921,8.255550542553202,7.91560351297606,5.552,12.14497113698393
5,923,8.244887733604928,7.159060948370291,5.69,69.33284982930948
5,928,8.219682687859848,7.969051579632748,6.03,10.73861865958987
5,930,8.210137369953618,8.351756130653792,6.164,4.4488101134246785
5,931,8.20453710560962,7.896085478151003,6.244,12.703240545114596
5,937,8.177766519761155,8.40419255532888,6.641,3.9428244832295234
5,940,8.175548729963387,7.807809747001375,6.675,15.566474085786016
5,945,8.173471693659348,7.835024341395001,6.707,14.62095224452171
5,954,8.143996546002779,7.913877693357324,7.178,12.19332940889895
5,962,8.103639154530683,7.926614180095824,7.877,11.840930169018227
5,964,8.09653017149283,7.882967608216628,8.007,13.092795717619415
5,966,8.085551059301446,7.656135702976979,8.212,22.0731491074385
5,969,8.070223567195098,7.860531245179606,8.507,13.786967594968965
5,973,8.054383720773268,7.941605535491634,8.823,11.439168691500134
5,978,8.033576654056306,7.891264233615529,9.256,12.845049031826742
5,980,8.02099825152528,7.860531245179606,9.528,13.786967594968965
5,989,8.0,7.375904920116721,10.0,42.08187479475174
5,996,8.0,7.251625769223906,10.0,56.02401514926979
5,1002,8.0,7.007305467973798,10.0,98.33192291526764
5,1006,8.0,7.234460243018457,10.0,58.28271265834864
5,1007,8.0,6.963600938111357,10.0,108.74243706187387
5,1010,8.0,6.986780694951274,10.0,103.09065644052399
5,1016,8.0,7.086922705035428,10.0,81.86104700154256
5,1025,8.0,8.526874756902695,10.0,2.972523132953696
5,1030,7.965531977244957,7.784064454594468,10.826,16.441276965176684
5,1034,7.932296955959934,7.791107720300302,11.687,16.176787466749673
5,1037,7.9019103096360475,7.719455824987591,12.534,19.078497743517623
5,1038,7.901702463505302,7.941492249674128,12.54,11.442152990548005
5,1039,7.889713391596434,7.808506905059849,12.891,15.541505803768368
5,1048,7.857360292167583,8.002566766738813,13.888,9.941072320382498
5,1051,7.840072047104015,7.863179003263384,14.452,13.703168459198972
5,1052,7.830560701021059,7.798484750949399,14.772,15.904325264852408
5,1054,7.827280338650503,7.919661718829063,14.884,12.032012686638046
5,1067,7.769551078621726,7.141646943922921,17.0,72.1693935839344
5,1069,7.765659912384816,7.868519313316317,17.153,13.535698953295466
5,1072,7.7616025868187295,7.782765953755379,17.314,16.49050844394542
5,1082,7.72591145857729,7.810022246674105,18.797,15.48737283029761
5,1094,7.716111062023944,7.796028857208655,19.226,15.994517476274416
5,1098,7.716111062023944,7.859607958045038,19.226,13.816309138256745
5,1099,7.716111062023944,7.778531031300547,19.226,16.65209840610807
5,1101,7.716111062023944,7.7345125816271105,19.226,18.42839100656381
5,1109,7.716111062023944,7.611357092764374,19.226,24.470503603608083
5,1113,7.716111062023944,7.746203544070886,19.226,17.938926725688486
5,1116,7.716111062023944,7.82597689669558,19.226,14.928738243597087
5,1119,7.716111062023944,7.8011089641396065,19.226,15.808513551626929
5,1122,7.716111062023944,7.810422706328293,19.226,15.47309862312958
5,1123,7.716111062023944,7.745555660268622,19.226,17.965708124025905
5,1126,7.716111062023944,7.49106058260145,19.226,32.280437891863585
5,1131,7.716111062023944,7.78183482263846,19.226,16.525902165016717
5,1132,7.716111062023944,7.97748076355092,19.226,10.532203369756944
5,1137,7.703971363893277,7.823691174991669,19.771,15.007516344341921
5,1150,7.698731208033937,7.9010264093675175,20.011,12.559535870661886
5,1163,7.697430989063946,8.034246821816978,20.071,9.241727911648995
5,1171,7.659714560529532,7.890723241971744,21.892,12.861059813520683
5,1173,7.653940566947426,7.353209414836214,22.185,44.33947894123724
5,1174,7.651014043192142,7.908832084610524,22.335,12.335816924117527
5,1175,7.647798180340584,7.921977785652158,22.501,11.96801746661044
5,1178,7.6020599913279625,7.3642125271255745,25.0,43.230222707160266
5,1195,7.481486060122112,7.315696530818257,33.0,48.33964639132681
5,1204,7.455931955649724,7.327619739442366,35.0,47.03057197389852
